Judge,Preferred,Other
1,Pulse,1001
1,Iconic,Everlong
1,HD,Everlong
1,Ex.vol,1001
1,HD,1001
1,Oscil.,1001
1,Everlong,Pulse
1,Iconic,Ex.vol
1,Pulse,Le 2
1,Pulse,Extreme
2,Pulse,Everlong
2,HD,Everlong
2,Extreme,Pulse
2,Everlong,Iconic
2,Oscil.,1001
2,Le 2,Pulse
2,Iconic,Ex.vol
2,Ex.vol,1001
2,Extreme,Everlong
2,Pulse,1001
3,Everlong,Pulse
3,Oscil.,1001
3,HD,Everlong
3,Pulse,1001
3,Iconic,Everlong
3,Pulse,Le 2
3,Extreme,Everlong
3,Ex.vol,1001
3,1001,Everlong
3,Iconic,Ex.vol
4,Everlong,1001
4,Everlong,Pulse
4,Pulse,Le 2
4,Everlong,HD
4,Everlong,Extreme
4,Iconic,Ex.vol
4,Iconic,Everlong
4,Sexy,Iconic
4,1001,Oscil.
4,1001,Pulse
5,Ex.vol,Iconic
5,Le 2,Pulse
5,HD,Everlong
5,Extreme,Everlong
5,Iconic,Everlong
5,Sexy,Iconic
6,1001,Everlong
6,Sexy,Iconic
6,HD,Pulse
6,Extreme,Everlong
6,HD,Everlong
6,Le 2,Pulse
6,Oscil.,1001
6,Pulse,1001
6,Extreme,1001
6,Iconic,Everlong
8,Le 2,Pulse
8,HD,Pulse
8,Extreme,1001
8,HD,Everlong
8,Everlong,1001
8,Sexy,Iconic
8,Everlong,Extreme
8,Sexy,Pulse
8,Oscil.,Ex.vol
8,Oscil.,1001
9,Pulse,HD
9,Le 2,Pulse
9,Extreme,1001
9,Extreme,Everlong
9,HD,Everlong
9,Sexy,Pulse
9,Oscil.,Ex.vol
9,HD,Ex.vol
9,Iconic,Sexy
9,1001,Everlong
10,1001,Everlong
10,Le 2,Pulse
10,Sexy,Iconic
10,Oscil.,Ex.vol
10,Sexy,Pulse
10,Pulse,HD
10,1001,Extreme
10,Everlong,Extreme
10,HD,Ex.vol
10,Ex.vol,Sexy
11,Sexy,Pulse
11,Everlong,Extreme
11,Ex.vol,Oscil.
11,Sexy,Iconic
11,HD,Ex.vol
11,Everlong,1001
11,Sexy,Ex.vol
11,1001,Extreme
11,HD,Pulse
11,Sexy,HD
12,Everlong,1001
12,HD,Ex.vol
12,Oscil.,Ex.vol
12,Sexy,Ex.vol
12,Iconic,Extreme
12,1001,Extreme
12,Iconic,Sexy
12,HD,Sexy
12,HD,Pulse
12,Pulse,Sexy
13,Extreme,1001
13,Le 2,Oscil.
13,HD,Pulse
13,HD,Sexy
13,Extreme,Iconic
13,Sexy,Ex.vol
13,HD,Ex.vol
13,Ex.vol,Oscil.
13,Sexy,Iconic
13,Sexy,Pulse
14,Le 2,Extreme
14,Le 2,Oscil.
14,Sexy,Ex.vol
14,Oscil.,Ex.vol
14,Pulse,HD
14,Sexy,HD
14,Sexy,Pulse
14,HD,Ex.vol
14,Iconic,Extreme
14,1001,Extreme
15,Sexy,Oscil.
15,Sexy,Pulse
15,Le 2,Extreme
15,HD,Pulse
15,Sexy,HD
15,Le 2,Oscil.
15,Sexy,Ex.vol
15,HD,Ex.vol
15,Oscil.,Ex.vol
15,Iconic,Extreme
16,Le 2,Sexy
16,Oscil.,Le 2
16,Le 2,Extreme
16,Sexy,Oscil.
16,Oscil.,Ex.vol
16,HD,Ex.vol
16,Pulse,Sexy
16,HD,Sexy
16,Iconic,Extreme
16,Sexy,Ex.vol
17,Le 2,1001
17,Sexy,Ex.vol
17,HD,Ex.vol
17,Sexy,Oscil.
17,Le 2,Sexy
17,Le 2,Extreme
17,Sexy,Pulse
17,Iconic,Extreme
17,Le 2,Oscil.
17,Sexy,HD
18,Le 2,Iconic
18,HD,Ex.vol
18,Le 2,1001
18,Le 2,Sexy
18,Sexy,HD
18,Iconic,Extreme
18,Sexy,Oscil.
18,Le 2,Oscil.
18,Le 2,Extreme
18,Sexy,Ex.vol
19,Everlong,Sexy
19,Sexy,HD
19,Sexy,Oscil.
19,Le 2,Oscil.
19,Le 2,Iconic
19,Sexy,Ex.vol
19,Le 2,1001
19,Le 2,Extreme
19,Sexy,Le 2
19,Extreme,Iconic
20,Pulse,Ex.vol
20,Oscil.,Sexy
20,Extreme,Le 2
20,Sexy,HD
20,Le 2,Sexy
20,Le 2,1001
20,Le 2,Oscil.
20,Iconic,Le 2
20,Iconic,Extreme
20,Sexy,Everlong
21,Le 2,Oscil.
21,Ex.vol,Pulse
21,Iconic,Extreme
21,Extreme,Oscil.
21,Sexy,Oscil.
21,Le 2,Extreme
21,Le 2,1001
21,Le 2,Sexy
21,Le 2,Iconic
21,Sexy,Everlong
22,Iconic,Le 2
22,Le 2,1001
22,Sexy,Everlong
22,Oscil.,Everlong
22,Sexy,Oscil.
22,Ex.vol,Pulse
22,Sexy,Le 2
22,Le 2,Oscil.
22,Le 2,Extreme
22,Extreme,Oscil.
23,Sexy,Everlong
23,Le 2,Iconic
23,Sexy,Oscil.
23,Oscil.,Extreme
23,Pulse,Ex.vol
23,Le 2,Extreme
23,Everlong,Oscil.
23,Le 2,1001
23,Sexy,Le 2
23,Sexy,1001
24,Ex.vol,Pulse
24,Pulse,Oscil.
24,Le 2,1001
24,Sexy,Oscil.
24,Sexy,Everlong
24,Sexy,1001
24,Oscil.,Everlong
24,Le 2,Sexy
24,Iconic,Le 2
24,Oscil.,Extreme
25,Extreme,Oscil.
25,Iconic,Le 2
25,Pulse,Ex.vol
25,Sexy,Everlong
25,HD,Iconic
25,1001,Le 2
25,Sexy,Le 2
25,Everlong,Oscil.
25,Oscil.,Pulse
25,Sexy,1001
26,Iconic,HD
26,Le 2,Iconic
26,Pulse,Oscil.
26,Iconic,Sexy
26,Pulse,Ex.vol
26,Le 2,1001
26,Extreme,Oscil.
26,Sexy,1001
26,Oscil.,Everlong
26,Sexy,Everlong
27,Oscil.,Extreme
27,HD,Iconic
27,1001,Sexy
27,Sexy,Extreme
27,Iconic,Le 2
27,HD,Extreme
27,Pulse,Oscil.
27,Everlong,Oscil.
27,Pulse,Ex.vol
27,Sexy,Everlong
28,Oscil.,Everlong
28,Sexy,Extreme
28,Sexy,1001
28,Ex.vol,Pulse
28,Iconic,1001
28,Sexy,Everlong
28,Oscil.,Pulse
28,Iconic,HD
28,Extreme,Oscil.
29,HD,Extreme
29,Iconic,1001
29,Oscil.,Pulse
29,HD,Iconic
29,Sexy,Extreme
29,Oscil.,Everlong
29,Oscil.,Extreme
29,Pulse,Ex.vol
29,Sexy,1001
29,Le 2,Everlong
30,HD,Extreme
30,1001,Sexy
30,Sexy,Extreme
30,Everlong,Oscil.
30,Everlong,Le 2
30,Pulse,Oscil.
31,Sexy,Extreme
31,HD,Extreme
31,1001,Iconic
31,Le 2,Everlong
31,Oscil.,Everlong
31,Ex.vol,Extreme
31,Iconic,HD
31,Sexy,1001
31,Iconic,Pulse
31,Oscil.,Pulse
32,Iconic,HD
32,Iconic,Pulse
32,Le 2,Everlong
32,Sexy,1001
32,Extreme,Sexy
32,Iconic,Oscil.
32,1001,Iconic
32,Extreme,Ex.vol
32,HD,Extreme
32,Oscil.,Pulse
33,HD,Extreme
33,Sexy,Extreme
33,Iconic,HD
33,Ex.vol,Extreme
33,Le 2,HD
33,Iconic,Pulse
33,Iconic,Oscil.
33,Pulse,Oscil.
33,Iconic,1001
33,Le 2,Everlong
34,HD,Le 2
34,HD,Iconic
34,Pulse,Iconic
34,Le 2,Everlong
34,Extreme,Ex.vol
34,Extreme,HD
34,Oscil.,Iconic
34,Everlong,Ex.vol
34,Iconic,1001
34,Extreme,Sexy
35,Iconic,1001
35,Iconic,Pulse
35,Le 2,Everlong
35,Le 2,Ex.vol
35,Sexy,Extreme
35,Everlong,Ex.vol
35,HD,Extreme
35,Ex.vol,Extreme
35,Oscil.,Iconic
35,Le 2,HD
36,Pulse,Iconic
36,Extreme,Ex.vol
36,HD,Extreme
36,Everlong,Le 2
36,Everlong,Ex.vol
36,Iconic,Oscil.
36,HD,Le 2
36,Iconic,1001
36,Ex.vol,Le 2
36,Oscil.,HD
37,Le 2,Everlong
37,Iconic,Oscil.
37,Le 2,HD
37,Everlong,Ex.vol
37,Iconic,1001
37,Extreme,Ex.vol
37,Le 2,Ex.vol
37,Iconic,Pulse
37,HD,1001
37,Oscil.,HD
38,Iconic,Oscil.
38,Extreme,Ex.vol
38,HD,Oscil.
38,Ex.vol,Everlong
38,Le 2,Everlong
38,Pulse,Iconic
38,Le 2,HD
38,HD,1001
38,Le 2,Ex.vol
38,Extreme,Pulse
39,Extreme,Ex.vol
39,HD,Le 2
39,HD,Oscil.
39,Iconic,Oscil.
39,Iconic,Pulse
39,1001,Ex.vol
39,HD,1001
39,Pulse,Extreme
39,Everlong,Ex.vol
39,Le 2,Ex.vol
40,Pulse,Extreme
40,1001,Ex.vol
40,HD,Oscil.
40,Pulse,Everlong
40,Le 2,Ex.vol
40,HD,1001
40,Everlong,Ex.vol
41,Everlong,Pulse
41,Iconic,Oscil.
41,Iconic,Ex.vol
41,1001,HD
41,Le 2,Ex.vol
41,1001,Ex.vol
41,Ex.vol,Everlong
41,HD,Oscil.
41,Pulse,Extreme
41,HD,Le 2
42,HD,1001
42,Ex.vol,Le 2
42,Everlong,Pulse
42,Iconic,Everlong
42,Ex.vol,Iconic
42,Le 2,HD
42,Oscil.,HD
42,1001,Ex.vol
42,Everlong,Ex.vol
42,Pulse,Extreme
43,HD,Oscil.
43,Ex.vol,Everlong
43,1001,Ex.vol
43,Everlong,Pulse
43,Pulse,1001
43,Iconic,Everlong
43,Pulse,Extreme
43,HD,1001
43,Iconic,Ex.vol
43,Le 2,Ex.vol
44,Pulse,Extreme
44,HD,Oscil.
44,1001,Pulse
44,Le 2,Ex.vol
44,Everlong,Pulse
44,1001,Ex.vol
44,Iconic,Everlong
44,Iconic,Ex.vol
44,1001,HD
44,1001,Oscil.
45,Pulse,1001
45,Pulse,Everlong
45,Iconic,Everlong
45,Pulse,Extreme
45,HD,1001
45,1001,Oscil.
45,Iconic,Ex.vol
45,1001,Ex.vol
46,Le 2,Sexy
46,Le 2,Iconic
46,Le 2,Extreme
46,Pulse,Ex.vol
46,Sexy,Oscil.
46,Le 2,1001
46,Extreme,Oscil.
46,Oscil.,Everlong
46,Sexy,1001
46,Sexy,Everlong
47,Sexy,Oscil.
47,Everlong,Oscil.
47,Iconic,Le 2
47,Pulse,Ex.vol
47,Sexy,Everlong
47,Sexy,1001
47,Sexy,Le 2
47,Oscil.,Extreme
47,Pulse,Oscil.
47,1001,Le 2
48,Le 2,1001
48,Iconic,HD
48,Sexy,Everlong
48,Pulse,Oscil.
48,Oscil.,Everlong
48,Pulse,Ex.vol
48,Iconic,Le 2
48,Sexy,1001
48,Oscil.,Extreme
48,Sexy,Le 2
49,Oscil.,Pulse
49,1001,Sexy
49,Oscil.,Extreme
49,Everlong,Sexy
49,HD,Iconic
49,Le 2,Iconic
49,Pulse,Ex.vol
49,Sexy,Extreme
49,1001,Le 2
49,Everlong,Oscil.
50,Everlong,Oscil.
50,Sexy,1001
50,Extreme,Sexy
50,Extreme,HD
50,Extreme,Oscil.
50,Sexy,Everlong
50,Pulse,Ex.vol
50,Le 2,Iconic
50,Oscil.,Pulse
51,Iconic,Ex.vol
51,Extreme,Pulse
51,Sexy,HD
51,Iconic,Everlong
51,Le 2,Oscil.
51,1001,Pulse
51,Le 2,Extreme
51,Extreme,Iconic
51,HD,Everlong
51,HD,Ex.vol
52,Iconic,Ex.vol
52,Sexy,Pulse
52,Iconic,Extreme
52,Sexy,Ex.vol
52,1001,Oscil.
52,Le 2,Oscil.
52,Iconic,Everlong
52,Pulse,Everlong
52,Ex.vol,1001
52,Sexy,HD
53,1001,Ex.vol
53,Extreme,Iconic
53,1001,Pulse
53,Iconic,Everlong
53,Sexy,Oscil.
53,Everlong,Pulse
53,Iconic,Ex.vol
53,Sexy,HD
53,HD,Ex.vol
53,Sexy,Ex.vol
54,1001,Everlong
54,Sexy,Ex.vol
54,HD,Ex.vol
54,Extreme,Iconic
54,Ex.vol,Oscil.
54,HD,Sexy
54,HD,Pulse
54,Le 2,Oscil.
54,Sexy,Iconic
54,HD,1001
55,Le 2,Extreme
55,Iconic,Extreme
55,Sexy,HD
55,HD,Pulse
55,Le 2,Everlong
55,Oscil.,Iconic
55,Ex.vol,HD
55,Pulse,Extreme
55,Le 2,1001
55,Le 2,Sexy
56,Extreme,Pulse
56,Le 2,Oscil.
56,Everlong,Ex.vol
56,HD,Iconic
56,Oscil.,Ex.vol
56,Le 2,HD
56,1001,Ex.vol
56,1001,Extreme
56,Oscil.,Sexy
56,HD,Sexy
57,1001,HD
57,Le 2,Extreme
57,Sexy,Ex.vol
57,Iconic,Extreme
57,Sexy,HD
57,Le 2,Oscil.
57,Pulse,Sexy
57,HD,Ex.vol
57,Extreme,Ex.vol
57,Pulse,HD
58,Iconic,Pulse
58,Le 2,Oscil.
58,Sexy,Ex.vol
58,Le 2,Iconic
58,Sexy,Everlong
58,Sexy,Pulse
58,Extreme,1001
58,Sexy,Oscil.
58,Iconic,1001
58,Ex.vol,Oscil.
59,Sexy,Iconic
59,Oscil.,Ex.vol
59,Ex.vol,Sexy
59,Pulse,Everlong
59,Le 2,Extreme
59,Pulse,Sexy
59,Le 2,Sexy
59,Ex.vol,1001
59,Pulse,Ex.vol
59,Extreme,Iconic
60,HD,Ex.vol
60,Le 2,1001
60,Sexy,HD
60,Sexy,Everlong
60,Iconic,Ex.vol
60,HD,Pulse
60,Extreme,HD
60,Sexy,Pulse
60,Le 2,Iconic
60,HD,Oscil.
61,Sexy,Oscil.
61,Le 2,Ex.vol
61,Sexy,Pulse
61,Sexy,Ex.vol
61,Ex.vol,HD
61,Extreme,Iconic
61,HD,Sexy
61,Extreme,1001
61,Oscil.,Ex.vol
61,Extreme,Sexy
62,Everlong,1001
62,Sexy,Oscil.
62,Oscil.,Ex.vol
62,HD,Ex.vol
62,1001,HD
62,Pulse,Everlong
62,HD,Oscil.
62,Iconic,Sexy
62,Extreme,Pulse
62,Sexy,HD
63,Sexy,Ex.vol
63,Sexy,Pulse
63,Le 2,Extreme
63,Le 2,Ex.vol
63,1001,Extreme
63,Ex.vol,Everlong
63,Ex.vol,1001
63,Pulse,Extreme
63,Extreme,Oscil.
63,Iconic,Sexy
64,HD,Oscil.
64,Ex.vol,Iconic
64,Le 2,HD
64,Sexy,Pulse
64,Sexy,Ex.vol
64,HD,Pulse
64,Oscil.,Ex.vol
64,Oscil.,Everlong
65,Sexy,Pulse
65,Oscil.,Ex.vol
65,HD,1001
65,Le 2,Sexy
65,Iconic,Everlong
66,HD,Ex.vol
66,Le 2,Oscil.
66,Iconic,Le 2
66,HD,Pulse
66,HD,1001
66,HD,Oscil.
66,Le 2,1001
66,Everlong,Ex.vol
66,Sexy,Pulse
67,Everlong,Extreme
67,Le 2,Sexy
67,Le 2,Extreme
67,Ex.vol,1001
67,HD,Pulse
67,Oscil.,Ex.vol
67,Ex.vol,HD
67,Sexy,HD
67,Sexy,Everlong
68,Iconic,Extreme
68,Sexy,Ex.vol
68,Ex.vol,Pulse
68,1001,Extreme
68,Le 2,Ex.vol
68,Pulse,Everlong
68,Sexy,Oscil.
68,Le 2,Oscil.
69,1001,Pulse
69,Everlong,Iconic
69,1001,Oscil.
69,1001,Extreme
69,Sexy,Iconic
69,Everlong,1001
69,Everlong,HD
69,HD,Pulse
69,Le 2,Pulse
69,Extreme,Everlong
70,Pulse,Le 2
70,Everlong,HD
70,Iconic,Ex.vol
70,Pulse,Extreme
70,1001,Ex.vol
70,1001,Oscil.
70,1001,HD
70,Pulse,Everlong
70,1001,Pulse
70,Iconic,Everlong
71,Le 2,HD
71,Iconic,Oscil.
71,1001,Pulse
71,HD,Oscil.
71,Everlong,1001
71,Extreme,Everlong
72,HD,Pulse
72,1001,Extreme
72,1001,Oscil.
72,Everlong,1001
72,Le 2,Pulse
72,Sexy,Iconic
73,Everlong,Ex.vol
73,HD,Everlong
73,Extreme,Everlong
73,Le 2,Pulse
73,1001,Everlong
73,Le 2,Ex.vol
75,Sexy,Le 2
75,Sexy,Oscil.
75,Le 2,1001
75,Extreme,Iconic
75,Extreme,Le 2
75,Sexy,Everlong
75,Extreme,Oscil.
75,Le 2,Iconic
75,Ex.vol,Pulse
75,Le 2,Oscil.
76,Ex.vol,Oscil.
76,HD,Oscil.
76,Extreme,Ex.vol
76,Ex.vol,1001
76,1001,Everlong
76,1001,HD
76,HD,Pulse
76,Pulse,Everlong
76,Iconic,Everlong
77,1001,Extreme
77,Le 2,Ex.vol
77,Ex.vol,Everlong
77,Oscil.,1001
77,HD,Oscil.
77,Pulse,Ex.vol
77,Le 2,HD
78,Ex.vol,Pulse
78,Extreme,Oscil.
78,Pulse,Oscil.
78,Sexy,HD
78,Ex.vol,Everlong
78,Ex.vol,1001
78,Le 2,Ex.vol
78,Iconic,Ex.vol
78,Iconic,Pulse
78,HD,Le 2
79,Extreme,Oscil.
79,Pulse,1001
79,HD,Ex.vol
79,Iconic,Oscil.
79,Iconic,Ex.vol
79,Extreme,Pulse
79,Everlong,HD
79,1001,Ex.vol
79,Sexy,Pulse
80,HD,Ex.vol
80,HD,1001
80,Iconic,HD
80,HD,Pulse
80,1001,Pulse
80,Everlong,1001
80,Ex.vol,Oscil.
80,HD,Oscil.
81,Le 2,Everlong
81,Extreme,Sexy
81,Le 2,Iconic
81,Le 2,Ex.vol
81,Oscil.,Pulse
81,HD,Iconic
81,1001,HD
81,Extreme,Pulse
81,Ex.vol,Sexy
81,Le 2,HD
82,Sexy,Ex.vol
82,Extreme,Pulse
82,HD,1001
82,Ex.vol,Le 2
82,1001,Extreme
82,1001,Sexy
82,Iconic,Everlong
82,1001,Oscil.
82,HD,Sexy
83,Ex.vol,Sexy
83,Le 2,Everlong
83,Sexy,Extreme
83,HD,1001
83,Everlong,Ex.vol
83,1001,Oscil.
83,Iconic,Pulse
83,HD,Pulse
83,Pulse,Everlong
83,Pulse,Le 2
84,HD,Le 2
84,Ex.vol,Iconic
84,Iconic,Extreme
84,1001,Pulse
84,Everlong,HD
84,1001,Ex.vol
84,Le 2,Extreme
84,Le 2,Oscil.
84,Ex.vol,Le 2
84,Everlong,Oscil.
85,1001,Iconic
85,HD,1001
85,Le 2,Extreme
85,Iconic,Extreme
85,Everlong,Pulse
85,Extreme,HD
85,Everlong,Ex.vol
85,Oscil.,Iconic
85,Oscil.,HD
85,Sexy,Oscil.
86,Extreme,1001
86,Pulse,Extreme
86,HD,Extreme
86,Sexy,Pulse
86,Pulse,Oscil.
86,Oscil.,Ex.vol
86,HD,Oscil.
86,Sexy,Iconic
86,Iconic,1001
87,Sexy,Everlong
87,Sexy,1001
87,Extreme,HD
87,Le 2,Everlong
87,Le 2,HD
87,Extreme,Ex.vol
87,Oscil.,HD
87,Oscil.,Iconic
87,Extreme,Sexy
87,HD,Iconic
88,Iconic,1001
88,Extreme,Ex.vol
88,Le 2,Oscil.
88,Pulse,Iconic
88,HD,Ex.vol
88,Le 2,1001
88,Iconic,Oscil.
88,Sexy,Le 2
88,Extreme,Pulse
88,Oscil.,Everlong
89,HD,Le 2
89,Pulse,Everlong
89,Iconic,Oscil.
89,Le 2,Ex.vol
89,1001,Ex.vol
89,HD,1001
89,HD,Oscil.
89,Ex.vol,Everlong
89,Ex.vol,Extreme
89,Extreme,Pulse
90,Everlong,Ex.vol
90,Iconic,Ex.vol
90,1001,Ex.vol
90,1001,Oscil.
90,Iconic,Pulse
90,HD,Extreme
90,Iconic,Extreme
90,Le 2,Oscil.
90,Everlong,Pulse
91,Pulse,1001
91,Everlong,Iconic
91,Oscil.,Ex.vol
91,Le 2,Everlong
91,1001,Iconic
91,Sexy,Extreme
91,HD,Pulse
91,Le 2,Extreme
91,1001,Everlong
92,Sexy,1001
92,Extreme,Ex.vol
92,Sexy,Extreme
92,HD,Extreme
92,Iconic,Oscil.
92,Oscil.,Extreme
92,Le 2,Ex.vol
92,Everlong,Ex.vol
92,Extreme,Everlong
92,Extreme,1001
93,1001,HD
93,HD,Ex.vol
93,Everlong,Le 2
93,Le 2,Extreme
93,Pulse,Oscil.
93,Everlong,Oscil.
93,Le 2,Pulse
93,Sexy,Pulse
93,Iconic,Sexy
93,Ex.vol,Oscil.
94,Extreme,Iconic
94,HD,Iconic
94,Sexy,Le 2
94,1001,Pulse
94,Le 2,1001
94,Le 2,Oscil.
94,Everlong,Iconic
94,Le 2,Ex.vol
94,Everlong,HD
94,1001,Oscil.
95,Iconic,Pulse
95,Sexy,HD
95,1001,Extreme
95,Le 2,HD
95,Pulse,Everlong
95,Iconic,1001
95,Sexy,Ex.vol
95,Sexy,Pulse
95,Iconic,Ex.vol
95,Oscil.,HD
96,1001,Sexy
96,Oscil.,Iconic
96,Extreme,Ex.vol
96,Iconic,Pulse
96,Everlong,Ex.vol
96,HD,Oscil.
96,HD,Extreme
96,Le 2,Everlong
96,Iconic,1001
96,Le 2,Ex.vol
97,Le 2,HD
97,HD,1001
97,Extreme,Ex.vol
97,Iconic,Oscil.
97,Le 2,Pulse
97,Ex.vol,Everlong
97,Pulse,Iconic
97,Le 2,Everlong
97,Oscil.,Pulse
98,Iconic,1001
98,HD,Extreme
98,1001,Everlong
98,Pulse,Oscil.
98,Sexy,1001
98,Iconic,Pulse
98,Ex.vol,Extreme
98,HD,Pulse
98,Le 2,Everlong
98,Iconic,HD
99,HD,Iconic
99,Iconic,Oscil.
99,Ex.vol,Extreme
99,Extreme,HD
99,1001,Oscil.
99,1001,Extreme
99,Sexy,Iconic
99,Extreme,Sexy
99,Le 2,Everlong
100,HD,Oscil.
100,Pulse,Iconic
100,Iconic,1001
100,Extreme,Everlong
100,Ex.vol,Oscil.
100,Oscil.,Everlong
100,Pulse,1001
100,Sexy,Oscil.
100,Le 2,HD
100,Le 2,Ex.vol
101,Le 2,Pulse
101,Le 2,Oscil.
101,Le 2,Sexy
101,Iconic,Everlong
101,Extreme,Iconic
101,Oscil.,1001
101,Pulse,1001
101,Oscil.,Sexy
101,HD,Everlong
101,Extreme,Le 2
102,Sexy,Le 2
102,Le 2,Oscil.
102,Le 2,Pulse
102,Le 2,Extreme
102,HD,Everlong
102,Oscil.,1001
102,Pulse,1001
102,Le 2,1001
102,Sexy,Oscil.
102,Extreme,Everlong
103,1001,Oscil.
103,Le 2,Pulse
103,Le 2,Sexy
103,Le 2,Iconic
103,Le 2,1001
103,Everlong,1001
103,HD,Everlong
103,Sexy,Oscil.
103,Le 2,Extreme
103,Everlong,Extreme
106,Iconic,Le 2
106,1001,Everlong
106,Pulse,Ex.vol
106,Pulse,HD
106,Sexy,Everlong
106,Iconic,Sexy
106,1001,Extreme
106,Everlong,Extreme
106,Oscil.,Extreme
106,Le 2,1001
107,Iconic,Le 2
107,Pulse,HD
107,1001,Everlong
107,Oscil.,Extreme
107,Pulse,Ex.vol
107,Everlong,Sexy
107,1001,Extreme
107,Everlong,Oscil.
107,Iconic,Sexy
107,Oscil.,Ex.vol
108,Everlong,Sexy
108,Ex.vol,Oscil.
108,Sexy,Pulse
108,Oscil.,Everlong
108,Sexy,1001
109,HD,Ex.vol
109,Ex.vol,Pulse
109,Sexy,Pulse
110,Oscil.,Extreme
110,Ex.vol,HD
110,Oscil.,Ex.vol
110,Sexy,Ex.vol
110,Everlong,Oscil.
110,Sexy,Pulse
110,1001,Sexy
110,Iconic,HD
110,Oscil.,Pulse
111,Iconic,HD
111,Oscil.,Everlong
111,Sexy,HD
111,Sexy,Extreme
111,Oscil.,Pulse
111,Oscil.,Ex.vol
111,1001,Sexy
111,Sexy,Pulse
111,Ex.vol,Sexy
112,HD,Iconic
112,Sexy,Pulse
112,Extreme,Iconic
112,Sexy,Ex.vol
112,HD,Ex.vol
112,HD,Sexy
112,Sexy,1001
112,Pulse,Oscil.
112,Sexy,Extreme
112,HD,Extreme
113,Pulse,Oscil.
113,Sexy,HD
113,Ex.vol,Sexy
113,Ex.vol,HD
113,Iconic,1001
113,HD,Iconic
113,Extreme,Sexy
113,HD,Extreme
113,Le 2,Oscil.
113,Extreme,Iconic
114,Extreme,Iconic
114,HD,Extreme
114,Iconic,1001
114,Le 2,Everlong
114,Le 2,Extreme
114,Le 2,Oscil.
114,Sexy,Extreme
114,HD,Sexy
114,Sexy,Ex.vol
114,HD,Iconic
115,Sexy,Extreme
115,Iconic,Extreme
115,Sexy,HD
115,Extreme,HD
115,Sexy,Oscil.
115,Le 2,Oscil.
115,Everlong,Pulse
115,Iconic,1001
115,Le 2,Extreme
115,Le 2,Everlong
116,Le 2,Sexy
116,Le 2,Oscil.
116,Ex.vol,Extreme
116,HD,Extreme
116,Iconic,Extreme
116,Iconic,1001
116,Extreme,Le 2
116,Le 2,Everlong
116,Iconic,Pulse
117,Sexy,Le 2
117,Iconic,Oscil.
117,1001,Iconic
117,Le 2,Everlong
117,Pulse,Iconic
117,Le 2,Oscil.
117,1001,Le 2
117,Extreme,Ex.vol
117,Sexy,Oscil.
117,Le 2,Extreme
118,Iconic,Oscil.
118,Le 2,HD
118,Le 2,Iconic
118,Sexy,Oscil.
118,Le 2,Extreme
118,Iconic,Pulse
118,Le 2,Everlong
118,Le 2,1001
118,Le 2,Sexy
118,Extreme,Ex.vol
119,Iconic,Pulse
119,Le 2,Iconic
119,Le 2,Sexy
119,Le 2,HD
119,Everlong,Ex.vol
119,Sexy,Oscil.
119,Oscil.,Iconic
119,Sexy,Everlong
119,Le 2,1001
119,Extreme,Ex.vol
120,Extreme,Sexy
120,Extreme,Ex.vol
120,Ex.vol,Pulse
120,Ex.vol,1001
120,1001,HD
120,Extreme,Pulse
120,Everlong,Pulse
120,Iconic,Oscil.
120,Iconic,Le 2
120,Sexy,Le 2
148,Sexy,Everlong
148,Sexy,1001
148,HD,Le 2
148,Le 2,1001
148,Ex.vol,Everlong
148,Le 2,Ex.vol
148,Iconic,HD
148,Oscil.,Pulse
148,Oscil.,Everlong
148,Ex.vol,Iconic
121,Sexy,Everlong
121,Le 2,Iconic
121,Le 2,1001
121,HD,Oscil.
121,Iconic,Oscil.
121,Pulse,Ex.vol
121,Le 2,Ex.vol
121,Extreme,Oscil.
121,Le 2,HD
121,Everlong,Ex.vol
122,Sexy,Everlong
122,Le 2,HD
122,Everlong,Ex.vol
122,HD,Oscil.
122,Extreme,Oscil.
122,HD,1001
122,Everlong,Oscil.
122,Pulse,Ex.vol
122,Le 2,Ex.vol
123,HD,Oscil.
123,Everlong,Ex.vol
123,Everlong,Oscil.
123,Le 2,Ex.vol
123,Sexy,Everlong
123,Pulse,Ex.vol
123,Sexy,1001
123,Pulse,Extreme
123,HD,1001
123,Extreme,Oscil.
124,Sexy,1001
124,HD,Oscil.
124,Ex.vol,1001
124,Le 2,Ex.vol
124,Oscil.,Pulse
124,1001,HD
125,Oscil.,HD
125,Pulse,Oscil.
125,Iconic,HD
125,Pulse,Everlong
125,1001,HD
125,Oscil.,Everlong
125,Extreme,Oscil.
125,Extreme,Pulse
125,Ex.vol,1001
125,Sexy,1001
127,Extreme,Sexy
127,Ex.vol,Iconic
127,Iconic,Everlong
127,HD,Extreme
127,Extreme,Pulse
127,Ex.vol,1001
127,Iconic,HD
127,Pulse,Everlong
127,Sexy,1001
128,Sexy,Extreme
128,HD,Iconic
128,Iconic,Ex.vol
128,Extreme,HD
128,Iconic,1001
128,1001,Ex.vol
128,Pulse,1001
128,Pulse,Everlong
128,Iconic,Everlong
128,Oscil.,Pulse
129,HD,Extreme
129,Sexy,Extreme
129,Le 2,Everlong
129,Everlong,Pulse
129,Iconic,Ex.vol
129,Pulse,1001
129,HD,Iconic
129,Iconic,Everlong
129,Oscil.,1001
129,Iconic,1001
130,Le 2,Everlong
130,Iconic,Everlong
130,1001,Pulse
130,Sexy,Extreme
130,HD,Extreme
130,Iconic,Pulse
130,HD,Everlong
130,Iconic,Ex.vol
130,Oscil.,1001
130,Iconic,1001
131,Pulse,Iconic
131,Pulse,1001
131,1001,Oscil.
131,Extreme,Ex.vol
131,Iconic,1001
131,Everlong,HD
131,Pulse,Le 2
131,Everlong,Iconic
131,Everlong,Le 2
131,HD,Extreme
132,Le 2,Pulse
132,1001,Pulse
132,Everlong,HD
132,Iconic,1001
132,Iconic,Pulse
132,Everlong,Extreme
132,Ex.vol,Extreme
132,1001,Oscil.
132,Le 2,Everlong
132,Iconic,Oscil.
133,Le 2,Pulse
133,Extreme,Everlong
133,Iconic,Pulse
133,1001,Oscil.
133,Extreme,Ex.vol
133,Iconic,Oscil.
133,Everlong,1001
133,HD,Le 2
133,Everlong,HD
133,Le 2,Everlong
134,Oscil.,Iconic
134,Everlong,1001
134,Extreme,Ex.vol
134,Iconic,Pulse
134,Everlong,Extreme
134,Iconic,Sexy
134,Le 2,HD
134,Le 2,Pulse
134,Ex.vol,Everlong
135,Sexy,Iconic
135,Le 2,HD
135,Extreme,1001
135,Le 2,Pulse
135,Everlong,1001
135,Extreme,Ex.vol
135,Oscil.,Iconic
135,Ex.vol,Everlong
135,Ex.vol,Le 2
135,Extreme,Everlong
136,1001,Iconic
136,Le 2,Oscil.
136,Sexy,HD
136,Ex.vol,Sexy
136,Oscil.,Pulse
136,Extreme,HD
136,Ex.vol,HD
136,Iconic,HD
136,Iconic,Extreme
136,Extreme,Sexy
137,Sexy,Extreme
137,Ex.vol,Sexy
137,Le 2,Oscil.
137,HD,Extreme
137,Iconic,Extreme
137,Le 2,Extreme
137,Le 2,Everlong
137,Iconic,HD
137,Sexy,HD
137,Iconic,1001
138,Extreme,HD
138,Extreme,Le 2
138,HD,Sexy
138,Extreme,Iconic
138,Sexy,Oscil.
138,Sexy,Extreme
138,Iconic,1001
138,Iconic,Pulse
138,Le 2,Everlong
138,Oscil.,Le 2
139,Le 2,Sexy
139,Le 2,Everlong
139,Pulse,Iconic
139,HD,Extreme
139,Le 2,Oscil.
139,Sexy,Oscil.
139,Le 2,Extreme
139,Extreme,Ex.vol
139,Iconic,1001
140,Iconic,Pulse
140,Sexy,Le 2
140,Le 2,Everlong
140,1001,Le 2
140,1001,Iconic
140,Ex.vol,Extreme
140,Iconic,Oscil.
140,Le 2,Oscil.
140,Le 2,Extreme
140,Sexy,Oscil.
141,Le 2,1001
141,Le 2,Iconic
141,Extreme,Ex.vol
141,Iconic,Oscil.
141,Le 2,HD
141,Le 2,Extreme
141,Le 2,Everlong
141,Pulse,Iconic
141,Sexy,Le 2
141,Sexy,Oscil.
142,Sexy,Everlong
142,Iconic,Pulse
142,Sexy,Le 2
142,Ex.vol,Extreme
142,Sexy,Oscil.
142,Iconic,Le 2
142,Iconic,Oscil.
142,1001,Le 2
142,HD,Le 2
142,Everlong,Ex.vol
143,Iconic,Le 2
143,Pulse,Ex.vol
143,Iconic,Oscil.
143,1001,Le 2
143,Everlong,Sexy
143,HD,Le 2
143,Everlong,Ex.vol
143,Sexy,Le 2
143,Extreme,Ex.vol
143,Le 2,Ex.vol
144,Le 2,Ex.vol
144,Le 2,Iconic
144,HD,Oscil.
144,HD,Le 2
144,Sexy,Everlong
144,Iconic,Oscil.
144,Ex.vol,Pulse
144,Ex.vol,Everlong
144,Le 2,1001
144,Extreme,Oscil.
145,HD,1001
145,Le 2,Ex.vol
145,Pulse,Ex.vol
145,HD,Oscil.
145,Everlong,Sexy
145,Le 2,HD
145,Everlong,Oscil.
145,Extreme,Oscil.
146,Le 2,Ex.vol
146,Ex.vol,Pulse
146,HD,Oscil.
146,Extreme,Oscil.
146,Ex.vol,Everlong
146,Oscil.,Everlong
146,Sexy,1001
146,HD,1001
146,Pulse,Extreme
146,Sexy,Everlong
147,Pulse,Ex.vol
147,Oscil.,HD
147,Oscil.,Extreme
147,Oscil.,Pulse
147,Le 2,Ex.vol
147,1001,Sexy
147,1001,HD
147,1001,Ex.vol
147,Oscil.,Everlong
147,Pulse,Extreme
149,Pulse,Extreme
149,Iconic,Ex.vol
149,Everlong,Oscil.
149,Pulse,Everlong
149,1001,HD
149,Sexy,Extreme
149,HD,Iconic
149,1001,Ex.vol
150,Pulse,Everlong
150,Pulse,Oscil.
150,Iconic,Everlong
150,Sexy,1001
150,Extreme,HD
150,Sexy,Extreme
150,1001,Ex.vol
150,Iconic,Ex.vol
150,Extreme,Pulse
150,Iconic,HD
